genotype,KS0617_774086,KS0617_774440,KS0617_774664,KS0617_774813,Pm.6B_001,Pm.6B_002,Pm.6B_003,KS0617_774696,KS0617_774727,KS0617_774741,KS0617_782706,JB_5420176,S6D_6372517,KS0617_784502_C2,KS0617_785215,KS0617_786320_F,TaPpdB1J003,vrn.B1_AGS2K,K1RS.6110,K2W4_2A726Mb,K2W8_2A741Mb,K2W9_2A745Mb,K3W2_3A575409079,K3W5_3A595963117,K3W7_3A602018522,K3W8_3A587637075
,6B,6B,6B,6B,6B,6B,6B,6B,6B,6B,6D,6D,6D,6D,6D,6D,2B,5B,1B,2A,2A,2A,3A,3A,3A,3A
RIL_10,B,B,B,B,B,B,B,B,B,B,A,A,A,A,A,A,B,B,B,B,A,A,B,B,B,B
RIL_100,NA,A,A,A,NA,A,A,A,A,A,B,B,B,A,A,A,A,A,A,A,A,A,A,B,B,B
RIL_101,A,A,A,A,A,A,A,A,A,A,A,A,A,A,NA,A,B,B,B,B,NA,B,B,B,B,B
RIL_102,NA,NA,NA,NA,NA,NA,NA,NA,NA,NA,B,B,NA,B,B,B,NA,NA,A,NA,B,B,NA,NA,NA,NA
RIL_104,B,B,B,B,B,B,B,B,B,B,B,B,NA,B,B,B,A,NA,B,A,A,A,A,A,A,A
RIL_106,A,A,A,A,A,A,A,A,A,A,A,A,A,A,A,A,B,B,A,A,A,A,B,B,B,B
RIL_107,A,A,A,A,A,A,A,A,A,A,B,B,B,B,B,B,A,A,A,B,B,B,A,A,A,A
RIL_108,A,A,A,A,A,A,A,A,A,A,NA,B,B,B,B,B,A,B,A,A,A,B,A,A,A,A
RIL_109,A,A,A,A,A,A,A,A,A,A,B,B,B,B,B,B,B,A,A,A,A,A,A,A,B,A
RIL_11,A,B,B,B,A,B,B,B,B,B,A,A,A,A,A,B,B,A,B,B,NA,NA,B,B,B,B
RIL_110,B,B,B,B,B,B,B,B,B,B,B,B,B,B,B,B,A,B,B,B,B,B,B,B,B,B
RIL_111,A,A,A,A,A,A,A,A,A,A,B,B,B,A,A,A,A,B,B,B,B,B,A,A,A,A
RIL_113,B,B,B,B,B,B,B,B,B,B,B,B,B,B,B,B,B,NA,A,A,B,B,B,B,A,B
RIL_115,A,NA,A,A,A,NA,A,A,A,A,A,A,A,A,A,A,A,B,A,B,B,B,B,B,B,B
RIL_116,A,A,A,A,A,A,A,A,A,A,B,B,B,B,B,B,B,A,A,A,A,A,A,B,B,B
RIL_117,B,B,B,B,B,B,B,B,B,B,A,A,A,A,A,A,B,B,A,B,B,B,NA,B,B,B
RIL_119,B,A,A,A,A,A,A,A,A,A,B,B,B,B,B,B,B,B,A,B,B,B,B,B,B,B
RIL_12,A,A,A,A,A,A,A,A,A,A,B,B,B,B,B,B,A,B,B,A,A,A,A,A,A,A
RIL_120,NA,NA,A,A,NA,NA,NA,A,A,A,A,A,NA,A,A,A,A,A,B,B,A,A,A,A,A,A
RIL_121,A,A,A,A,A,A,A,A,A,A,A,A,A,A,A,A,A,A,A,A,A,A,B,B,B,B
RIL_122,A,A,A,NA,A,A,A,A,NA,NA,B,B,B,B,B,B,B,NA,B,B,NA,NA,A,A,A,A
RIL_123,B,B,B,B,B,B,B,B,B,B,B,B,B,B,B,B,A,B,A,B,B,B,A,A,A,A
RIL_124,A,A,A,A,A,A,A,A,A,A,A,A,A,A,A,A,A,A,A,A,A,A,B,B,B,B
RIL_126,A,A,A,A,A,A,A,A,A,A,A,A,A,A,A,A,A,A,A,A,A,A,A,A,A,A
RIL_128,A,A,A,A,A,A,A,A,A,A,B,B,B,B,B,B,A,B,A,B,B,B,A,A,A,A
RIL_13,A,A,A,A,A,A,A,A,A,A,B,B,B,B,B,B,B,B,A,B,B,B,B,A,B,B
RIL_131,B,B,B,B,B,NA,B,B,B,B,A,A,A,A,A,A,B,B,A,B,B,B,A,NA,A,A
RIL_132,NA,NA,A,A,NA,A,NA,A,A,A,B,B,B,B,A,A,A,A,NA,B,A,A,A,A,A,A
RIL_133,B,A,A,A,A,A,A,A,A,A,NA,B,B,B,A,A,B,A,B,B,A,A,A,A,A,A
RIL_134,A,A,A,A,A,A,A,A,A,A,A,A,A,A,A,A,A,A,A,A,A,A,A,A,A,A
RIL_135,A,A,A,A,A,A,A,A,A,A,B,B,B,B,B,B,A,B,A,B,A,A,B,A,B,B
RIL_136,A,NA,B,NA,NA,A,NA,NA,B,B,B,B,A,A,A,A,A,B,B,B,B,B,A,A,A,A
RIL_137,A,A,A,A,A,A,A,A,A,A,B,B,B,B,B,B,B,B,A,A,A,A,A,NA,NA,NA
RIL_139,A,A,A,A,A,A,A,A,A,A,B,B,B,A,A,A,A,B,A,A,A,A,B,B,B,B
RIL_14,A,A,A,A,A,A,A,A,A,A,B,B,B,B,B,B,A,B,A,B,B,B,B,B,B,B
RIL_141,B,B,B,B,B,B,B,B,B,B,A,A,A,A,A,A,A,A,A,B,B,B,NA,NA,A,NA
RIL_143,B,B,B,B,B,B,B,B,B,B,A,A,A,A,A,A,B,B,A,B,B,B,A,A,A,A
RIL_144,A,A,A,A,A,A,A,A,A,A,A,A,A,A,A,A,A,B,A,B,B,B,A,A,A,A
RIL_145,A,A,A,A,A,A,A,A,A,A,A,B,NA,B,B,B,B,B,B,A,B,B,A,A,A,A
RIL_146,B,B,B,B,B,B,B,B,B,B,A,A,A,A,A,A,A,B,A,B,B,B,B,B,B,B
RIL_147,B,B,B,B,B,B,B,B,B,B,B,B,B,A,A,A,A,A,A,B,B,B,A,A,A,A
RIL_148,B,B,B,B,B,B,B,B,B,B,A,A,A,A,A,A,A,NA,B,B,A,A,A,NA,A,A
RIL_149,NA,NA,NA,NA,NA,NA,NA,NA,NA,NA,B,B,B,A,A,A,B,B,A,A,NA,B,B,B,B,B
RIL_15,A,A,A,A,A,A,A,A,A,A,NA,NA,NA,NA,A,B,B,B,A,A,NA,NA,B,B,B,B
RIL_150,B,B,B,B,B,B,B,B,B,B,NA,NA,NA,NA,NA,NA,B,NA,A,B,B,B,A,NA,A,A
RIL_152,B,A,A,A,B,B,B,A,A,A,B,B,NA,B,B,B,A,A,NA,A,B,B,NA,A,A,NA
RIL_153,B,B,B,B,B,B,B,B,B,B,B,B,B,B,B,B,A,A,A,A,A,A,A,A,A,A
RIL_155,A,A,A,A,A,A,A,A,A,A,A,A,A,A,NA,NA,B,A,A,B,B,B,A,B,B,B
RIL_157,A,A,A,A,A,A,A,A,A,A,B,B,B,B,B,B,A,B,A,B,B,B,B,B,A,B
RIL_158,B,B,B,B,B,B,B,B,B,B,B,B,B,A,A,B,B,A,A,A,A,A,A,A,A,A
RIL_159,B,B,B,B,B,B,B,B,B,B,B,B,B,B,B,B,B,B,A,A,A,A,A,A,A,A
RIL_16,A,A,A,A,A,A,A,A,A,A,A,A,NA,A,A,A,B,B,NA,NA,NA,NA,NA,NA,NA,NA
RIL_160,B,B,B,NA,B,B,B,B,B,B,B,B,B,B,A,NA,B,B,A,B,B,B,A,A,A,A
RIL_163,B,B,B,B,B,B,B,B,B,B,A,A,A,A,A,A,B,A,A,A,B,B,A,A,A,A
RIL_164,B,A,A,B,B,B,B,A,B,B,B,B,NA,B,B,B,B,B,A,A,A,A,A,A,A,A
RIL_165,NA,NA,NA,NA,NA,NA,NA,NA,NA,A,B,B,B,B,B,B,A,A,A,A,A,A,B,B,B,B
RIL_166,B,B,B,B,B,B,B,B,B,B,B,B,B,B,B,B,A,A,A,A,A,A,A,B,B,A
RIL_167,B,B,B,A,B,B,B,B,A,A,B,B,NA,B,B,B,A,B,B,B,A,A,B,B,B,B
RIL_168,A,A,A,A,A,A,A,A,A,A,A,A,A,A,A,A,B,B,B,A,A,A,B,B,B,B
RIL_169,A,A,A,A,A,A,A,A,A,A,A,A,A,A,A,A,A,A,B,B,B,B,NA,B,B,NA
RIL_17,B,B,B,B,B,B,B,B,B,B,A,B,B,B,B,B,A,A,A,B,B,B,B,B,B,B
RIL_170,B,A,A,A,B,B,A,A,A,A,B,B,B,B,B,B,B,B,A,A,B,B,B,B,B,B
RIL_171,A,A,A,A,A,A,A,A,NA,A,B,B,B,B,B,A,B,A,A,B,NA,B,A,A,B,A
RIL_173,B,B,B,B,B,B,B,B,B,B,A,A,A,A,B,B,B,B,A,B,B,B,B,B,B,B
RIL_174,A,A,A,A,A,A,A,A,A,A,B,B,B,NA,A,A,A,A,A,A,A,A,B,B,B,B
RIL_175,A,A,A,A,A,A,A,A,A,A,A,A,A,B,B,B,A,A,A,B,B,B,B,B,B,B
RIL_176,A,A,A,A,A,A,A,A,A,A,A,A,A,A,A,NA,A,A,B,B,A,A,B,B,B,B
RIL_177,B,B,B,B,B,B,B,B,B,B,B,B,B,B,A,A,B,A,A,A,A,A,B,B,B,B
RIL_178,A,A,A,A,A,A,A,A,A,A,NA,NA,A,NA,A,A,B,A,B,B,A,A,A,A,A,A
RIL_179,A,A,A,A,A,A,A,A,A,A,A,A,A,B,B,B,A,A,A,B,B,B,B,B,B,B
RIL_18,A,A,A,A,A,A,A,A,A,A,NA,A,A,A,A,A,A,A,B,B,B,B,A,A,A,A
RIL_180,B,B,B,NA,B,B,B,B,A,A,B,B,B,NA,A,A,A,B,A,B,B,B,B,B,B,B
RIL_182,A,A,A,A,A,A,A,A,A,A,A,A,A,A,A,A,A,A,B,A,A,A,B,B,B,B
RIL_185,B,B,B,B,B,B,B,B,B,B,A,A,A,A,A,A,B,B,A,B,A,A,B,B,B,B
RIL_186,B,B,B,B,B,B,B,B,B,B,A,A,A,A,A,A,A,A,A,A,A,A,NA,A,NA,NA
RIL_187,A,A,A,A,A,A,A,A,A,A,B,B,B,B,B,B,B,B,A,A,A,A,B,A,A,B
RIL_188,B,B,B,B,B,B,B,B,B,B,B,B,B,B,B,B,A,B,A,A,A,A,B,B,B,B
RIL_189,B,B,B,A,B,B,B,B,A,A,B,B,B,B,B,A,B,B,A,B,B,B,B,B,B,B
RIL_19,A,A,A,A,A,A,A,A,A,A,A,A,A,A,A,A,B,A,A,A,A,A,A,A,A,A
RIL_190,B,B,B,B,B,B,B,B,B,B,A,A,A,A,B,B,B,B,B,B,B,B,B,B,B,B
RIL_191,B,B,B,B,B,B,B,B,B,B,B,B,B,B,B,B,B,B,B,A,A,A,A,NA,NA,NA
RIL_193,A,B,B,B,B,B,B,B,B,B,A,A,A,A,A,A,A,A,A,A,A,A,A,A,A,A
RIL_195,A,A,A,A,A,A,A,A,A,A,NA,NA,NA,NA,NA,NA,A,B,B,B,A,A,NA,B,B,B
RIL_196,A,A,A,A,A,A,A,A,A,A,A,A,A,A,A,A,A,B,A,A,A,A,A,A,A,A
RIL_197,NA,A,A,NA,NA,A,A,NA,NA,NA,B,B,B,NA,NA,NA,A,NA,NA,NA,NA,NA,A,NA,A,A
RIL_198,A,A,A,A,A,A,A,A,A,A,A,A,A,A,A,B,A,A,B,B,B,B,B,B,B,B
RIL_199,A,A,A,A,A,A,A,A,A,A,A,A,A,A,A,A,B,B,A,B,A,A,B,B,B,B
RIL_2,B,B,B,B,B,B,B,B,B,B,B,B,B,A,A,A,B,B,A,B,B,B,A,A,A,A
RIL_20,B,B,B,B,B,B,B,B,B,B,B,B,B,B,B,B,A,B,A,B,A,A,B,B,B,B
RIL_200,NA,NA,NA,NA,NA,NA,NA,NA,NA,NA,B,B,B,B,B,B,B,B,B,A,B,B,B,B,A,B
RIL_201,A,A,A,A,A,A,A,A,A,A,B,A,A,A,A,A,B,A,A,A,A,A,A,A,A,A
RIL_202,B,B,B,B,B,B,B,B,B,B,B,B,B,B,B,B,A,B,A,A,A,A,B,B,A,B
RIL_203,B,B,B,B,B,B,B,B,B,B,B,B,B,B,B,B,A,B,A,A,A,A,A,A,A,A
RIL_204,A,A,A,A,A,A,A,A,A,A,B,B,B,B,B,B,A,A,A,A,A,A,A,A,A,A
RIL_205,B,B,B,B,B,B,B,B,B,B,A,A,A,A,A,A,A,A,B,A,A,B,B,B,B,B
RIL_206,A,A,A,A,A,A,A,A,A,A,B,B,B,B,B,B,B,A,A,B,B,B,A,A,A,A
RIL_207,B,B,B,B,B,B,B,B,B,B,B,B,B,B,B,B,A,B,A,B,B,B,A,A,A,A
RIL_208,NA,NA,NA,NA,NA,NA,NA,NA,NA,NA,A,A,A,A,A,A,B,NA,NA,NA,A,NA,B,B,B,B
RIL_209,A,A,A,A,A,A,A,A,A,A,A,B,B,B,B,B,B,A,A,A,A,A,A,A,A,A
RIL_213,B,B,B,B,B,B,B,B,B,B,B,B,NA,B,B,B,A,A,A,A,B,B,B,A,A,A
RIL_216,B,B,B,B,B,B,B,B,B,B,A,A,A,A,A,A,B,A,A,A,B,B,B,B,B,B
RIL_218,B,B,B,B,B,B,B,B,B,B,A,A,A,A,A,A,B,B,A,A,A,A,NA,A,A,NA
RIL_219,A,A,A,A,A,A,A,A,A,A,B,B,B,B,B,B,B,A,A,B,A,A,B,B,B,B
RIL_22,NA,NA,NA,NA,NA,NA,NA,NA,NA,NA,NA,NA,NA,NA,NA,A,B,A,A,NA,NA,NA,A,A,A,A
RIL_220,B,B,B,B,B,B,B,B,B,B,B,B,B,B,B,A,B,A,B,B,B,B,B,B,B,B
RIL_221,A,A,A,A,A,A,A,A,A,A,A,A,A,A,A,A,A,A,A,B,B,B,B,B,B,B
RIL_222,A,A,A,A,A,A,A,A,A,A,A,A,A,A,A,A,A,A,B,B,B,B,B,B,B,B
RIL_223,B,B,B,B,B,B,B,B,B,B,B,B,B,B,B,B,A,B,B,B,NA,NA,NA,NA,NA,A
RIL_224,A,A,A,A,A,A,A,A,A,A,A,A,A,A,A,A,B,A,NA,A,A,A,B,B,B,B
RIL_225,B,B,B,B,B,B,B,B,B,B,B,B,NA,B,B,NA,A,A,A,B,B,B,B,B,B,B
RIL_226,A,A,A,A,A,A,A,A,A,A,B,B,B,B,B,B,B,B,A,A,A,A,B,B,B,B
RIL_227,A,A,A,A,A,A,A,A,A,A,A,A,A,A,A,A,A,NA,B,B,B,B,B,B,B,B
RIL_228,A,A,A,B,A,A,A,A,B,B,B,B,B,B,B,B,A,A,A,B,A,A,B,B,B,B
RIL_229,A,A,A,A,A,A,A,A,A,A,A,A,A,A,A,A,A,A,A,A,B,B,A,A,A,A
RIL_23,B,B,B,B,B,B,B,B,B,B,A,A,A,B,B,B,A,B,A,B,B,B,B,B,B,B
RIL_230,A,A,A,A,A,A,A,A,A,A,A,A,A,A,A,A,A,A,NA,A,A,A,B,B,NA,B
RIL_231,B,B,B,B,B,B,B,B,B,B,A,A,B,B,B,B,B,A,A,B,B,B,B,B,B,B
RIL_232,A,A,A,A,A,A,A,A,A,A,B,B,NA,A,A,A,A,A,B,B,B,B,A,A,A,A
RIL_233,A,A,A,A,A,A,A,A,A,A,A,A,A,A,A,A,B,A,A,A,A,A,B,A,A,A
RIL_234,A,A,A,A,A,A,A,A,A,A,B,B,B,B,B,B,A,A,A,B,A,A,A,A,A,A
RIL_235,B,B,B,A,B,B,B,B,A,A,B,B,B,B,B,A,B,B,B,A,A,A,A,A,A,A
RIL_237,A,A,A,A,A,A,A,A,A,A,A,A,A,A,A,A,A,B,A,A,A,A,A,A,A,A
RIL_238,A,A,A,A,A,A,A,A,A,A,B,B,B,B,B,B,B,A,A,A,A,A,A,A,A,A
RIL_239,B,B,B,A,B,B,B,B,A,A,A,A,A,A,A,A,A,B,B,B,B,B,B,B,B,B
RIL_24,B,B,B,B,B,B,B,B,B,B,B,B,B,B,B,B,B,B,A,A,B,B,B,B,A,B
RIL_241,A,A,A,A,A,A,A,A,NA,A,B,B,B,B,B,B,A,A,A,B,B,B,B,B,A,B
RIL_242,B,B,B,B,B,B,B,B,B,B,A,A,B,B,B,B,A,B,A,B,A,A,A,A,A,A
RIL_244,A,A,A,A,A,A,A,A,A,A,B,B,B,B,B,B,B,A,B,A,A,A,B,B,B,B
RIL_245,A,A,A,A,A,A,A,A,A,A,B,B,NA,B,B,B,A,A,A,A,B,B,B,A,NA,B
RIL_246,A,A,A,A,A,A,A,A,A,A,B,B,B,B,B,B,B,B,NA,A,B,B,A,A,A,A
RIL_247,A,A,A,A,A,A,A,A,A,A,B,B,B,B,B,B,A,B,B,A,A,A,B,B,B,B
RIL_249,A,A,A,A,A,A,A,A,A,A,B,B,B,B,B,B,A,B,A,A,A,A,B,B,A,B
RIL_25,A,A,A,A,A,A,A,A,A,A,A,A,NA,A,A,B,B,A,B,A,B,B,B,B,B,B
RIL_250,A,A,A,A,A,A,A,A,A,A,B,A,A,A,A,A,A,A,A,A,A,A,A,A,B,A
RIL_251,A,A,A,A,A,A,A,A,A,A,A,A,A,A,A,A,B,B,B,A,NA,NA,B,B,NA,B
RIL_252,A,A,A,A,A,A,A,A,A,A,B,B,B,B,B,B,A,B,A,B,B,B,B,B,B,B
RIL_253,A,A,A,A,A,A,A,A,A,A,B,B,B,B,B,A,B,B,A,A,A,A,A,A,A,A
RIL_254,A,A,A,A,A,A,A,A,A,A,A,B,B,B,B,A,B,B,B,A,A,A,A,A,A,A
RIL_255,A,A,A,A,A,A,A,A,A,A,B,B,B,B,B,B,B,NA,A,B,B,B,B,B,B,B
RIL_256,A,A,A,A,A,A,A,A,A,A,A,A,A,A,A,A,A,B,A,B,A,A,A,A,A,A
RIL_257,A,A,A,A,A,A,A,A,A,A,A,A,A,A,A,A,B,B,A,A,A,A,A,A,A,A
RIL_258,B,B,B,B,B,B,B,B,B,B,A,A,A,A,A,A,A,B,A,B,A,A,A,B,B,B
RIL_26,A,A,A,A,A,A,A,A,A,A,B,B,B,B,B,A,A,A,B,B,B,B,B,B,B,B
RIL_260,A,A,A,A,A,A,A,A,A,A,A,A,A,A,A,A,A,A,B,B,B,NA,B,B,B,B
RIL_261,B,B,B,B,B,B,B,B,B,B,B,B,B,B,B,B,A,B,A,B,A,A,A,A,B,A
RIL_263,B,B,B,A,B,B,B,NA,A,A,B,B,B,B,NA,A,B,B,A,B,A,A,B,B,B,B
RIL_264,B,B,B,B,B,B,B,B,B,B,B,B,B,B,B,A,B,B,A,B,NA,NA,B,B,B,B
RIL_265,A,A,A,A,A,A,A,A,A,A,B,B,B,B,B,B,B,B,B,A,B,NA,A,A,A,A
RIL_266,NA,NA,NA,NA,NA,NA,NA,NA,NA,NA,A,A,B,B,B,B,A,B,A,A,A,A,B,B,B,B
RIL_267,B,B,B,B,B,B,B,B,B,B,A,A,A,A,A,A,A,B,A,A,B,A,A,A,A,A
RIL_268,A,A,A,A,A,A,A,A,A,A,B,B,B,B,B,B,A,A,B,B,B,B,B,B,B,B
RIL_269,NA,NA,NA,NA,NA,NA,NA,NA,NA,NA,A,A,NA,B,B,B,A,NA,NA,B,A,A,A,A,A,A
RIL_27,B,B,B,B,B,B,B,B,B,B,A,A,A,A,A,A,A,A,A,A,A,A,A,A,A,A
RIL_270,B,B,B,B,B,B,B,B,B,B,B,B,B,B,B,B,B,A,B,A,A,A,A,A,A,A
RIL_271,A,A,A,A,A,A,A,A,A,A,A,B,B,B,B,B,A,B,B,B,A,NA,B,B,B,B
RIL_272,A,A,A,A,A,A,A,A,A,A,A,B,B,B,B,B,A,B,B,B,A,NA,B,B,B,B
RIL_273,A,NA,NA,NA,A,NA,NA,NA,NA,NA,A,A,A,A,A,A,B,B,A,A,A,A,A,A,A,A
RIL_274,A,A,A,A,A,A,A,A,A,A,B,B,B,B,B,B,B,B,B,B,B,B,B,B,B,B
RIL_275,B,B,B,B,B,B,B,B,B,B,B,B,B,B,B,B,A,B,B,B,B,B,B,B,B,B
RIL_276,A,A,A,A,A,A,A,A,A,A,B,B,B,B,B,B,A,A,A,A,B,B,A,A,A,A
RIL_277,A,A,A,A,A,A,A,A,A,A,B,B,B,B,B,B,A,A,B,A,B,B,A,A,A,A
RIL_278,A,A,A,A,A,A,A,A,A,A,A,A,A,A,B,B,A,A,B,B,B,B,A,A,A,A
RIL_279,B,B,B,B,NA,B,B,B,B,B,A,A,A,A,A,A,B,B,A,B,B,B,A,A,A,A
RIL_280,A,A,A,A,A,A,A,A,A,A,A,A,B,B,B,B,B,B,A,A,A,A,A,A,A,A
RIL_281,A,A,A,A,A,A,A,A,A,A,B,B,B,B,B,B,A,A,B,B,A,A,A,A,A,A
RIL_282,A,A,A,A,A,A,A,A,A,A,B,B,B,NA,B,B,A,A,A,B,B,B,B,B,B,B
RIL_283,B,B,B,B,B,B,B,B,B,B,A,A,A,A,A,B,B,A,A,NA,B,B,A,A,A,A
RIL_284,A,A,A,A,A,A,A,A,A,A,A,A,A,A,B,B,A,B,A,B,A,A,B,B,B,B
RIL_285,B,A,A,A,B,B,A,A,A,A,A,A,A,A,A,A,A,B,B,B,A,A,A,A,B,A
RIL_286,A,A,A,A,A,A,A,A,A,A,B,B,B,B,B,B,A,B,A,B,B,B,A,A,A,A
RIL_288,A,A,A,A,A,A,A,A,A,A,A,A,A,A,A,A,B,B,A,NA,A,A,B,B,B,B
RIL_289,A,NA,A,A,A,A,A,A,A,A,NA,NA,NA,NA,B,A,A,A,B,B,B,B,B,B,B,B
RIL_29,A,A,A,A,A,A,A,A,A,A,A,A,A,A,A,A,B,B,B,B,B,B,B,B,B,B
RIL_291,B,B,B,B,B,B,B,B,B,B,A,A,A,A,A,A,A,A,A,B,B,B,A,A,A,A
RIL_292,B,B,B,A,B,B,B,B,A,A,NA,NA,NA,A,B,B,B,B,A,B,B,B,NA,A,A,NA
RIL_293,B,B,B,A,B,B,B,B,A,A,B,B,B,A,B,B,B,B,A,B,B,B,B,A,A,B
RIL_294,A,A,A,A,A,A,A,A,A,A,A,A,A,A,A,A,B,B,B,A,B,B,A,A,A,A
RIL_295,A,A,A,A,A,A,A,A,A,A,B,B,B,B,B,B,A,A,B,A,A,A,A,A,A,A
RIL_297,A,A,A,A,A,A,A,A,A,A,B,B,B,B,B,B,B,B,A,A,A,A,B,B,A,B
RIL_298,B,B,B,B,B,B,B,B,B,B,B,B,B,B,B,NA,B,B,B,A,A,A,B,B,B,B
RIL_299,B,B,B,B,B,B,B,B,B,B,A,A,A,A,A,A,A,B,B,A,B,B,A,A,A,A
RIL_3,B,B,B,B,B,B,B,B,B,B,A,A,A,A,A,A,B,B,B,A,A,A,B,B,B,B
RIL_30,B,B,B,B,B,B,B,B,B,B,B,B,NA,B,B,B,B,B,B,B,A,A,A,A,A,A
RIL_300,B,B,B,B,B,B,B,B,B,B,B,B,B,B,B,B,B,A,A,A,B,B,B,B,B,B
RIL_301,B,NA,B,B,B,B,B,B,B,B,B,B,B,B,B,B,B,B,A,A,A,A,B,B,B,B
RIL_302,A,A,A,A,A,A,A,A,A,A,B,B,B,B,A,A,A,B,A,A,A,A,A,A,A,A
RIL_304,B,B,B,B,B,B,B,B,B,B,A,A,A,A,A,A,B,NA,A,B,B,B,B,B,B,B
RIL_306,A,A,A,A,A,A,A,A,A,A,A,A,A,A,A,A,B,B,B,A,A,A,B,B,B,B
RIL_307,A,NA,A,A,A,A,A,A,A,A,A,A,A,A,A,A,A,A,B,A,A,A,A,A,A,A
RIL_308,A,A,A,A,A,A,A,A,A,A,B,B,B,B,B,A,A,A,B,B,A,A,B,B,B,B
RIL_309,NA,NA,NA,NA,NA,NA,NA,NA,NA,NA,A,A,A,A,A,A,B,A,A,A,A,A,B,B,B,B
RIL_31,A,A,A,A,A,A,A,A,A,A,B,B,B,B,B,A,A,A,B,A,A,A,B,B,NA,B
RIL_311,A,A,A,A,A,A,A,A,A,A,B,B,B,B,B,B,A,A,A,B,A,A,B,B,B,B
RIL_312,A,A,A,A,A,A,A,A,A,A,B,B,B,B,NA,NA,A,NA,A,B,B,B,B,A,A,A
RIL_313,A,A,A,A,A,A,A,A,A,A,B,B,NA,B,B,B,A,B,A,A,B,B,B,B,NA,B
RIL_314,A,A,A,A,A,A,A,A,A,A,A,A,A,A,A,A,A,A,B,NA,NA,NA,B,B,B,B
RIL_315,B,B,B,B,B,B,B,B,B,B,B,A,A,A,A,A,A,A,A,B,B,B,NA,B,B,B
RIL_317,A,A,A,A,A,A,A,A,A,A,A,A,A,A,A,A,A,A,A,B,B,B,B,B,B,B
RIL_32,A,A,A,A,A,A,A,A,A,A,B,B,B,B,B,B,B,A,B,B,B,B,A,A,A,A
RIL_321,A,A,A,A,A,A,A,A,A,A,NA,NA,NA,NA,A,A,A,A,A,A,A,A,B,B,B,B
RIL_322,A,A,A,A,A,A,A,A,A,A,A,A,NA,A,A,A,A,A,A,B,B,B,B,B,B,B
RIL_323,A,A,A,A,A,A,A,A,A,A,B,B,B,A,A,A,B,A,B,A,B,B,B,B,B,B
RIL_325,B,B,B,A,B,B,B,B,A,A,B,B,B,B,B,B,B,B,A,A,A,A,B,B,B,B
RIL_326,B,B,B,B,B,B,B,B,B,B,A,A,A,A,A,A,A,B,A,B,A,A,B,B,B,B
RIL_327,B,B,B,B,B,B,B,B,B,B,B,B,B,B,B,B,B,B,B,B,B,B,B,B,B,B
RIL_328,A,A,A,A,A,A,A,A,A,A,B,B,B,B,B,B,B,B,B,B,B,B,A,A,A,A
RIL_33,A,A,A,A,A,A,A,A,A,A,B,B,B,B,B,B,A,NA,A,A,NA,A,A,A,A,A
RIL_330,A,A,A,A,A,A,A,A,A,A,B,B,NA,NA,NA,NA,B,B,B,B,B,B,B,B,B,B
RIL_331,NA,A,A,A,A,A,A,A,A,A,B,NA,NA,NA,B,B,A,NA,A,B,A,NA,B,B,B,B
RIL_332,A,A,A,A,A,A,A,A,A,A,B,B,B,B,B,B,B,A,A,NA,NA,NA,B,B,B,B
RIL_333,A,A,A,A,A,A,A,A,A,A,B,B,B,B,B,B,B,B,NA,A,A,A,B,B,B,B
RIL_334,A,A,A,A,A,A,A,A,A,A,A,A,A,A,B,B,A,B,A,A,B,B,NA,NA,NA,NA
RIL_335,B,B,B,B,B,B,B,B,B,B,B,B,B,B,B,B,A,A,B,A,A,A,B,B,B,B
RIL_336,NA,NA,NA,B,NA,NA,NA,NA,B,B,NA,NA,NA,NA,B,B,A,A,NA,NA,A,A,B,B,NA,B
RIL_337,B,B,B,B,B,B,B,B,B,B,B,B,B,B,B,B,B,A,A,B,B,B,NA,NA,NA,A
RIL_338,A,A,A,A,A,A,A,A,A,A,A,A,A,B,B,B,A,B,A,A,A,A,A,A,A,A
RIL_339,B,B,B,B,B,B,B,B,B,B,B,B,B,B,B,B,B,B,B,A,A,A,B,B,B,B
RIL_34,A,A,A,A,A,A,A,A,A,A,NA,B,B,B,B,B,A,B,A,A,A,A,B,B,B,B
RIL_340,A,A,A,A,A,A,A,A,A,A,B,NA,B,A,A,A,B,A,B,A,B,B,NA,NA,NA,A
RIL_341,A,A,A,A,A,A,A,A,A,A,B,B,B,B,B,B,A,A,B,A,A,A,B,B,B,B
RIL_342,NA,NA,NA,NA,NA,NA,NA,NA,NA,NA,B,B,B,B,B,B,NA,NA,B,NA,NA,NA,NA,NA,A,NA
RIL_343,A,A,A,A,A,A,A,A,A,A,B,B,B,B,B,B,A,B,A,A,NA,NA,B,B,B,B
RIL_344,NA,NA,NA,NA,NA,NA,NA,NA,NA,NA,B,NA,NA,A,A,A,NA,NA,A,A,A,NA,A,A,A,NA
RIL_345,NA,NA,NA,NA,NA,NA,NA,NA,NA,NA,B,B,NA,B,B,A,NA,NA,A,B,B,B,A,B,B,A
RIL_347,B,B,B,B,B,B,B,B,B,B,A,A,A,A,A,B,B,A,B,B,A,A,A,A,A,A
RIL_348,B,NA,B,B,B,NA,B,B,B,B,A,A,A,A,A,NA,B,NA,B,NA,A,A,B,A,A,A
RIL_349,A,A,A,A,A,A,A,A,A,A,A,A,A,A,A,A,A,B,A,B,A,A,B,B,B,B
RIL_35,B,B,B,B,B,B,B,B,B,B,B,B,B,B,B,A,B,A,A,B,B,B,B,B,B,B
RIL_350,A,A,A,A,A,A,A,A,A,A,B,B,B,B,B,A,A,B,A,B,B,B,A,A,A,A
RIL_353,A,A,A,A,A,A,A,A,A,A,B,B,B,B,B,B,B,B,A,A,B,B,A,A,NA,A
RIL_354,B,B,B,B,B,B,B,B,B,B,A,A,A,A,A,A,A,B,B,B,B,B,NA,A,A,A
RIL_356,B,B,B,B,B,B,B,B,B,B,B,B,B,B,B,B,A,B,B,B,B,B,B,B,B,B
RIL_357,NA,NA,NA,NA,NA,NA,NA,NA,NA,NA,A,A,NA,A,A,A,NA,NA,NA,NA,B,B,NA,NA,A,A
RIL_359,A,A,A,A,A,A,A,A,A,A,NA,B,B,B,B,B,B,B,A,NA,NA,NA,B,B,B,B
RIL_36,B,B,B,B,B,B,B,B,B,B,B,B,B,B,B,B,A,A,B,NA,B,B,B,B,B,B
RIL_360,B,B,B,B,B,B,B,B,B,B,NA,A,A,A,A,A,B,A,B,A,A,A,B,B,B,B
RIL_38,B,B,B,B,B,B,B,B,B,B,B,B,B,B,B,B,A,A,A,A,A,A,B,B,B,B
RIL_39,A,A,A,A,A,A,A,A,A,A,B,B,B,B,B,B,B,B,B,A,A,A,B,B,B,B
RIL_4,A,A,A,A,A,A,A,A,A,A,NA,B,NA,B,B,A,B,B,NA,A,B,B,A,NA,NA,A
RIL_40,B,B,B,B,B,B,B,B,B,B,B,B,B,B,B,B,B,A,B,A,A,A,A,A,A,A
RIL_41,A,A,A,B,A,A,A,B,B,B,NA,A,A,NA,B,NA,A,A,A,B,NA,B,B,A,A,B
RIL_42,A,A,A,A,A,A,A,A,A,A,A,A,A,A,A,A,A,A,B,A,A,A,A,A,A,A
RIL_43,B,B,B,B,B,B,B,B,B,B,A,A,A,A,A,B,B,A,A,A,A,A,A,A,A,A
RIL_44,A,A,A,A,A,A,A,A,A,A,B,B,B,B,B,B,A,B,A,B,B,B,B,B,B,B
RIL_45,A,A,A,A,A,A,A,A,A,A,A,A,A,NA,A,A,A,A,A,A,A,A,A,A,A,A
RIL_47,A,A,A,A,A,A,A,A,A,A,A,A,A,B,B,B,B,B,A,A,B,B,A,A,A,A
RIL_48,B,A,A,A,B,B,A,A,A,A,B,B,B,B,B,B,A,A,NA,A,A,A,A,A,A,A
RIL_49,NA,NA,NA,NA,NA,NA,NA,NA,NA,NA,B,B,NA,A,A,A,NA,NA,A,B,NA,A,B,B,B,B
RIL_5,A,A,A,A,A,A,A,A,A,A,B,B,B,B,B,A,A,B,A,B,A,A,A,A,A,A
RIL_50,A,A,A,A,A,A,A,A,A,A,B,B,B,B,B,B,B,B,B,NA,A,A,A,A,A,A
RIL_52,A,A,A,A,A,A,A,A,A,A,A,A,A,A,A,B,A,A,A,A,A,A,A,A,A,A
RIL_53,A,A,A,A,A,A,A,A,A,A,B,B,B,B,A,A,A,B,A,B,A,A,B,B,B,B
RIL_54,A,B,B,B,B,B,B,B,B,B,A,A,A,A,A,A,B,A,A,B,B,A,B,B,B,B
RIL_55,B,B,B,B,B,B,B,B,B,B,A,A,A,A,A,A,A,B,A,B,B,B,A,A,A,A
RIL_56,A,A,A,A,A,A,A,A,A,A,A,B,B,B,B,B,B,B,B,A,B,B,B,B,B,B
RIL_57,B,B,B,B,B,B,B,B,B,B,A,A,A,A,A,A,B,B,A,A,A,A,A,A,A,A
RIL_58,B,B,B,B,B,B,B,B,B,B,A,A,A,A,A,A,B,B,A,A,A,A,A,A,A,A
RIL_6,A,A,A,A,A,A,A,A,A,A,A,A,A,A,A,A,A,B,B,B,B,B,B,B,B,B
RIL_60,A,A,A,A,A,A,A,A,A,A,B,NA,NA,NA,NA,A,B,A,B,A,A,A,A,A,A,A
RIL_61,A,A,A,A,A,A,A,A,A,A,B,B,B,B,B,B,A,B,A,B,B,B,A,A,A,A
RIL_62,B,B,B,B,B,B,B,B,B,B,A,A,A,A,A,A,B,B,B,A,A,A,A,A,A,A
RIL_63,A,A,A,A,A,A,A,A,A,A,B,B,B,B,B,B,A,B,B,B,A,A,A,A,A,A
RIL_64,B,B,B,B,B,B,B,B,B,B,A,A,A,A,B,B,A,B,B,B,B,B,A,A,A,A
RIL_65,B,B,B,B,B,B,B,B,B,B,A,A,A,B,B,NA,B,NA,A,A,A,A,A,A,A,A
RIL_67,A,A,A,A,A,A,A,A,A,A,B,B,B,B,B,A,A,NA,A,A,A,A,B,NA,B,B
RIL_68,A,A,A,A,A,A,A,A,A,A,A,A,A,A,A,A,B,B,A,B,A,A,B,B,B,B
RIL_69,A,A,A,A,A,A,A,A,A,A,A,A,A,A,A,A,A,B,B,A,A,A,A,A,B,A
RIL_7,A,A,A,A,A,A,A,A,A,A,B,B,B,A,A,A,A,A,B,B,B,B,A,A,A,A
RIL_70,A,A,A,A,A,A,A,A,A,A,A,A,A,A,A,B,A,A,B,A,B,B,B,B,B,B
RIL_71,B,B,B,A,B,B,B,B,A,A,NA,NA,NA,NA,NA,A,A,B,B,NA,A,A,A,B,B,B
RIL_72,B,B,B,A,B,B,B,B,A,A,A,A,A,A,A,A,A,A,A,B,B,B,B,B,B,B
RIL_73,NA,NA,NA,NA,NA,NA,NA,NA,NA,NA,B,B,NA,B,B,B,NA,NA,B,B,B,B,A,A,A,A
RIL_75,A,A,A,A,A,A,A,A,A,A,B,B,B,B,B,B,B,B,B,B,B,B,A,A,A,A
RIL_76,B,B,B,B,B,B,B,B,B,B,A,A,A,A,A,A,A,A,B,A,B,A,A,A,A,A
RIL_77,B,A,A,A,A,A,A,A,A,A,A,A,A,A,A,A,A,A,A,B,B,B,A,A,A,A
RIL_79,B,B,B,B,B,B,B,B,B,B,A,A,A,A,A,A,A,A,A,A,B,B,B,B,B,B
RIL_8,NA,NA,NA,NA,NA,NA,NA,NA,NA,NA,NA,NA,NA,NA,NA,NA,NA,NA,A,A,A,A,A,A,A,A
RIL_80,A,A,A,B,A,A,A,A,B,B,B,B,B,B,B,B,A,A,B,B,B,B,A,A,A,A
RIL_81,B,B,B,B,B,B,B,B,B,B,B,B,B,B,B,B,B,A,A,B,B,B,B,B,B,B
RIL_83,A,A,A,A,A,A,A,A,A,A,A,A,B,NA,NA,NA,B,B,A,B,B,B,B,B,B,B
RIL_84,A,A,A,A,A,A,A,A,A,A,A,A,A,A,A,A,B,A,A,B,B,B,B,B,B,B
RIL_85,B,B,B,B,B,B,B,B,B,B,B,B,B,B,B,B,B,B,A,A,A,A,B,B,B,B
RIL_87,A,A,A,A,A,A,A,A,A,A,NA,A,A,A,A,A,A,A,A,A,A,A,B,B,B,B
RIL_88,B,B,B,B,B,B,B,B,B,B,A,A,A,A,A,B,A,A,B,A,A,A,B,B,B,B
RIL_89,B,B,B,B,B,B,B,B,B,B,A,A,NA,A,A,A,B,A,A,A,A,A,A,A,A,A
RIL_9,B,B,B,B,B,B,B,B,B,B,A,A,A,A,A,A,B,A,A,A,A,A,A,A,A,A
RIL_90,A,A,A,A,A,A,A,A,A,A,B,B,B,B,B,B,A,B,NA,A,A,A,B,B,B,B
RIL_91,A,A,A,A,A,A,A,A,A,A,B,A,A,A,A,A,B,B,A,B,A,A,NA,NA,NA,NA
RIL_92,A,A,A,A,A,A,A,A,A,A,B,B,B,B,B,B,B,A,A,A,NA,NA,A,A,A,A
RIL_94,A,A,A,A,A,A,A,A,A,A,NA,NA,NA,NA,NA,B,B,A,B,A,A,A,B,B,B,B
RIL_96,A,A,A,A,A,A,A,A,A,A,A,A,A,B,B,B,B,A,B,B,B,B,B,B,A,B
RIL_98,A,A,A,A,A,A,A,A,A,A,B,B,B,B,B,B,A,B,B,B,A,A,A,A,A,A
RIL_99,B,B,B,B,B,B,B,B,B,B,B,B,B,B,B,B,B,A,B,A,B,B,A,A,A,A
